openTime,open,high,low,close,Volume,closeTime,ema_20,ema_50,ema_100,ema_200
2026/6/23 4:00,64450.6,64637.1,64326,64409.8,3634.31,2026/6/23 4:59,64454.45,64226.98,64125.39,64137.15
2026/6/23 5:00,64409.8,64461,64112.1,64291,3088.03,2026/6/23 5:59,64438.89,64229.49,64128.67,64138.68
2026/6/23 6:00,64291,64370.8,63758.3,63948.4,7545.43,2026/6/23 6:59,64392.17,64218.47,64125.1,64136.78
2026/6/23 7:00,63948.5,64030.7,63843.8,63990.2,3364.76,2026/6/23 7:59,64353.89,64209.52,64122.43,64135.33
2026/6/23 8:00,63990.1,64130,63803.2,64119.4,3891.31,2026/6/23 8:59,64331.56,64205.98,64122.37,64135.17
2026/6/23 9:00,64119.4,64242.8,63852.5,64125.2,5358.07,2026/6/23 9:59,64311.9,64202.82,64122.43,64135.07
2026/6/23 10:00,64125.1,64247.2,64005.5,64165.9,2594.76,2026/6/23 10:59,64298,64201.37,64123.29,64135.37
2026/6/23 11:00,64165.8,64172.2,63933.3,64037.3,3099.41,2026/6/23 11:59,64273.17,64194.93,64121.58,64134.4
2026/6/23 12:00,64037.2,64068,63569.2,63594.9,5712.93,2026/6/23 12:59,64208.57,64171.4,64111.15,64129.03
2026/6/23 13:00,63594.8,63707.5,63322,63372.1,8699.82,2026/6/23 13:59,64128.91,64140.06,64096.52,64121.5
2026/6/23 14:00,63372,63374.4,62532.4,62905.5,25443.26,2026/6/23 14:59,64012.39,64091.64,64072.93,64109.4
2026/6/23 15:00,62905.5,63070.1,62828,62849.2,5860.48,2026/6/23 15:59,63901.61,64042.92,64048.7,64096.86
2026/6/23 16:00,62849.3,62916.5,61870,62353.7,25191.72,2026/6/23 16:59,63754.19,63976.68,64015.14,64079.51
2026/6/23 17:00,62353.6,62482,62309,62350.2,4877.64,2026/6/23 17:59,63620.48,63912.89,63982.17,64062.31
2026/6/23 18:00,62350.3,62563.9,62207.1,62290.4,5432.76,2026/6/23 18:59,63493.81,63849.27,63948.67,64044.68
2026/6/23 19:00,62290.4,62600,62289.2,62478.5,5964.42,2026/6/23 19:59,63397.11,63795.51,63919.56,64029.09
2026/6/23 20:00,62478.4,62531.6,62157,62227.9,5881.48,2026/6/23 20:59,63285.76,63734.04,63886.06,64011.17
2026/6/23 21:00,62228,62513.4,61916.9,62446.6,15070.54,2026/6/23 21:59,63205.84,63683.55,63857.55,63995.6
2026/6/23 22:00,62446.5,62837.1,62359.2,62462.8,14169.38,2026/6/23 22:59,63135.07,63635.68,63829.94,63980.35
2026/6/23 23:00,62462.8,62480.3,62161.2,62455.8,7509.64,2026/6/23 23:59,63070.38,63589.41,63802.72,63965.18
2026/6/24 0:00,62455.9,62812.2,62393.4,62522.9,8663.06,2026/6/24 0:59,63018.24,63547.58,63777.38,63950.83
2026/6/24 1:00,62522.9,62668.7,62301.7,62330,3484.74,2026/6/24 1:59,62952.69,63499.83,63748.72,63934.7
2026/6/24 2:00,62330,62420,62075.6,62215.3,4189.5,2026/6/24 2:59,62882.46,63449.46,63718.36,63917.59
2026/6/24 3:00,62215.3,62467.2,62201.3,62365.7,2790.58,2026/6/24 3:59,62833.25,63406.96,63691.57,63902.15
2026/6/24 4:00,62365.7,62518.5,62344.2,62439.8,2217.7,2026/6/24 4:59,62795.78,63369.03,63666.78,63887.6
2026/6/24 5:00,62439.9,62629.9,62434.9,62563.1,2110.41,2026/6/24 5:59,62773.62,63337.43,63644.93,63874.42
2026/6/24 6:00,62563.1,62749.9,62488.1,62560.1,2806.83,2026/6/24 6:59,62753.28,63306.94,63623.45,63861.34
2026/6/24 7:00,62560.1,62770.6,62463.7,62696.7,1898.79,2026/6/24 7:59,62747.89,63283.01,63605.09,63849.76
2026/6/24 8:00,62696.7,62999.9,62696.7,62982.1,4509.6,2026/6/24 8:59,62770.2,63271.21,63592.76,63841.12
2026/6/24 9:00,62982.1,63090.9,62737,62904.6,3777.47,2026/6/24 9:59,62783,63256.83,63579.13,63831.8
2026/6/24 10:00,62904.6,62994.6,62572.1,62598,4358.54,2026/6/24 10:59,62765.38,63231,63559.7,63819.53
2026/6/24 11:00,62598,62804,62402.8,62704.6,5111.39,2026/6/24 11:59,62759.59,63210.36,63542.77,63808.43
2026/6/24 12:00,62704.6,62779.9,62500,62720.6,2797.02,2026/6/24 12:59,62755.88,63191.15,63526.49,63797.61
2026/6/24 13:00,62720.7,63053.5,62678,62859.9,3935.3,2026/6/24 13:59,62765.78,63178.16,63513.29,63788.28
2026/6/24 14:00,62859.8,62888,62700,62754.6,1940.62,2026/6/24 14:59,62764.72,63161.55,63498.27,63777.99
2026/6/24 15:00,62754.7,62822,62570.8,62630.3,3406.24,2026/6/24 15:59,62751.92,63140.72,63481.08,63766.57
2026/6/24 16:00,62630.4,62786.2,62574,62773,2748.79,2026/6/24 16:59,62753.93,63126.3,63467.06,63756.69
2026/6/24 17:00,62773,62773,62608.6,62650.2,1488.17,2026/6/24 17:59,62744.05,63107.62,63450.88,63745.68
2026/6/24 18:00,62650.2,62657.8,62365.4,62416.8,4330.74,2026/6/24 18:59,62712.88,63080.53,63430.41,63732.46
2026/6/24 19:00,62416.9,63209.6,62272.1,62887.7,11430.75,2026/6/24 19:59,62729.53,63072.97,63419.66,63724.05
2026/6/24 20:00,62887.8,62939.3,62543.4,62589.5,5404.98,2026/6/24 20:59,62716.19,63054.01,63403.22,63712.76
2026/6/24 21:00,62589.5,62604,61220.7,61308.2,35472.77,2026/6/24 21:59,62582.1,62985.55,63361.73,63688.83
2026/6/24 22:00,61308.2,61434.5,60866,61085.3,24983.87,2026/6/24 22:59,62439.55,62911.03,63316.66,63662.93
2026/6/24 23:00,61085.3,61128.9,60238,60254.9,24553,2026/6/24 23:59,62231.49,62806.87,63256.03,63629.02
2026/6/25 0:00,60254.9,60649.1,59260,59808.2,37783.56,2026/6/25 0:59,62000.7,62689.27,63187.75,63591
2026/6/25 1:00,59808.3,60025.2,59060,59363.7,33548.45,2026/6/25 1:59,61749.55,62558.86,63112.03,63548.94
2026/6/25 2:00,59363.6,59895.3,59269.4,59569.5,16224.69,2026/6/25 2:59,61541.93,62441.63,63041.88,63509.34
2026/6/25 3:00,59569.5,59973.3,59484.7,59923.8,7889.57,2026/6/25 3:59,61387.82,62342.89,62980.14,63473.66
2026/6/25 4:00,59923.7,61188,59813.9,60926.5,26953.65,2026/6/25 4:59,61343.89,62287.34,62939.47,63448.32
2026/6/25 5:00,60926.5,61115.2,60633.1,61073.6,6808.64,2026/6/25 5:59,61318.14,62239.75,62902.52,63424.69
2026/6/25 6:00,61073.6,61256,60752.8,60850.2,5756.51,2026/6/25 6:59,61273.58,62185.26,62861.88,63399.07
2026/6/25 7:00,60850.3,61086.3,60799.9,61051.2,2882.99,2026/6/25 7:59,61252.4,62140.78,62826.03,63375.71
2026/6/25 8:00,61051.2,61138.9,60666,60786.9,5410.75,2026/6/25 8:59,61208.07,62087.69,62785.65,63349.95
2026/6/25 9:00,60786.9,60960.5,60686.8,60892.9,3603.82,2026/6/25 9:59,61178.05,62040.83,62748.17,63325.5
2026/6/25 10:00,60892.9,60939,60660,60763.2,4314.46,2026/6/25 10:59,61138.54,61990.73,62708.86,63300.01
2026/6/25 11:00,60763.3,60877.7,60648,60853.9,3048.14,2026/6/25 11:59,61111.43,61946.15,62672.13,63275.67
2026/6/25 12:00,60854,61389,60756.4,61323.2,6224.55,2026/6/25 12:59,61131.6,61921.72,62645.42,63256.24
2026/6/25 13:00,61323.3,61800,61241.9,61567.1,13551.64,2026/6/25 13:59,61173.08,61907.81,62624.07,63239.43
2026/6/25 14:00,61567.1,61829.1,61567.1,61693.5,4754.26,2026/6/25 14:59,61222.64,61899.41,62605.64,63224.05
2026/6/25 15:00,61693.5,61931.1,61632.2,61886.7,6467.03,2026/6/25 15:59,61285.88,61898.91,62591.4,63210.74
2026/6/25 16:00,61886.8,61897.6,61653,61686.4,5343.99,2026/6/25 16:59,61324.03,61890.58,62573.48,63195.58
2026/6/25 17:00,61686.5,61764.9,61578.4,61707.8,3667.26,2026/6/25 17:59,61360.58,61883.41,62556.34,63180.77
2026/6/25 18:00,61707.9,61727.9,61228.4,61245.3,7304.19,2026/6/25 18:59,61349.6,61858.39,62530.38,63161.51
2026/6/25 19:00,61245.4,61395.3,61033.5,61258.2,11773.25,2026/6/25 19:59,61340.89,61834.85,62505.19,63142.58
2026/6/25 20:00,61258.2,61742.9,61048.5,61216.4,12542.99,2026/6/25 20:59,61329.04,61810.6,62479.67,63123.41
2026/6/25 21:00,61216.4,61346.4,58030,58248.4,65568.38,2026/6/25 21:59,61035.64,61670.9,62395.88,63074.9
2026/6/25 22:00,58248.4,60466.9,58248.4,59448.7,68127.99,2026/6/25 22:59,60884.51,61583.76,62337.52,63038.82
2026/6/25 23:00,59448.7,59630.2,58835.2,59536.2,20883.36,2026/6/25 23:59,60756.1,61503.46,62282.05,63003.97
2026/6/26 0:00,59536.2,60035.7,59130,59284,13732.67,2026/6/26 0:59,60615.9,61416.42,62222.68,62966.95
2026/6/26 1:00,59284.1,59720,59114.4,59656.3,7827.95,2026/6/26 1:59,60524.51,61347.4,62171.86,62934.01
2026/6/26 2:00,59656.3,59775,59333,59491,7260.28,2026/6/26 2:59,60426.08,61274.6,62118.77,62899.75
2026/6/26 3:00,59491.2,59496.6,59152.7,59299.8,7110.98,2026/6/26 3:59,60318.81,61197.16,62062.95,62863.93
2026/6/26 4:00,59299.9,59723.5,59298.7,59428.8,6367.18,2026/6/26 4:59,60234.05,61127.81,62010.79,62829.75
2026/6/26 5:00,59428.9,60245,59422.7,60180.7,6267.02,2026/6/26 5:59,60228.97,61090.67,61974.55,62803.39
2026/6/26 6:00,60180.7,60180.8,59705.4,59815.1,6099.12,2026/6/26 6:59,60189.55,61040.64,61931.79,62773.66
2026/6/26 7:00,59815.1,60164.3,59709.1,59771.9,4578.9,2026/6/26 7:59,60149.78,60990.89,61889.02,62743.79
2026/6/26 8:00,59772,59882.2,59608.1,59638.2,3871.12,2026/6/26 8:59,60101.05,60937.84,61844.45,62712.89
2026/6/26 9:00,59638.2,59761.3,59200,59413,6344.27,2026/6/26 9:59,60035.53,60878.05,61796.3,62680.06
2026/6/26 10:00,59413.1,59432.3,58325.6,58536,24980.28,2026/6/26 10:59,59892.71,60786.2,61731.74,62638.82
2026/6/26 11:00,58536,60125.7,58288,60015,26425.37,2026/6/26 11:59,59904.36,60755.96,61697.75,62612.71
2026/6/26 12:00,60015,60234.8,59802.3,59899.9,8739.82,2026/6/26 12:59,59903.94,60722.39,61662.15,62585.72
2026/6/26 13:00,59899.9,60039.1,59703.1,59921.8,5871.33,2026/6/26 13:59,59905.64,60690.99,61627.68,62559.21
2026/6/26 14:00,59921.9,60440,59666.2,60298.9,10771.23,2026/6/26 14:59,59943.09,60675.61,61601.37,62536.72
2026/6/26 15:00,60298.9,60734,60252.6,60491,14629.56,2026/6/26 15:59,59995.27,60668.37,61579.38,62516.37
2026/6/26 16:00,60491,60542.6,60112,60215.3,7945.37,2026/6/26 16:59,60016.23,60650.61,61552.37,62493.47
2026/6/26 17:00,60215.3,60229.8,59544.7,59709.3,10679.17,2026/6/26 17:59,59987,60613.69,61515.88,62465.77
2026/6/26 18:00,59709.3,59834.2,59210.4,59290,10744.71,2026/6/26 18:59,59920.62,60561.78,61471.8,62434.17
2026/6/26 19:00,59290,59569,59233.1,59392.4,6798.89,2026/6/26 19:59,59870.31,60515.93,61430.62,62403.9
2026/6/26 20:00,59392.4,59998.4,58940,59167.6,23971.56,2026/6/26 20:59,59803.38,60463.05,61385.81,62371.7
2026/6/26 21:00,59167.6,60189.5,58388,60153.3,35902.97,2026/6/26 21:59,59836.71,60450.9,61361.4,62349.63
2026/6/26 22:00,60153.5,60274.2,59358.8,59568.9,21091.08,2026/6/26 22:59,59811.2,60416.31,61325.91,62321.96
2026/6/26 23:00,59568.9,60494.1,59560,60296.6,16399.6,2026/6/26 23:59,59857.43,60411.62,61305.53,62301.8
2026/6/27 0:00,60296.9,60580,59933.1,60017.8,13029.5,2026/6/27 0:59,59872.71,60396.18,61280.03,62279.08
2026/6/27 1:00,60017.8,60276.5,59921.4,60000,6949.55,2026/6/27 1:59,59884.83,60380.64,61254.68,62256.4
2026/6/27 2:00,60000,60140.7,59530.7,59648.9,5774.53,2026/6/27 2:59,59862.36,60351.94,61222.88,62230.46
2026/6/27 3:00,59648.9,60077.8,59586.3,59719.7,7106.06,2026/6/27 3:59,59848.77,60327.15,61193.12,62205.47
2026/6/27 4:00,59719.9,59970,59556,59694.7,4861.16,2026/6/27 4:59,59834.1,60302.35,61163.44,62180.49
2026/6/27 5:00,59694.7,60028,59649.2,59887.6,2664.98,2026/6/27 5:59,59839.19,60286.08,61138.18,62157.68
2026/6/27 6:00,59887.6,60051,59717.1,60007.5,3088.68,2026/6/27 6:59,59855.22,60275.16,61115.79,62136.28
2026/6/27 7:00,60007.6,60090.8,59871.9,60072,3454.4,2026/6/27 7:59,59875.87,60267.19,61095.12,62115.74
2026/6/27 8:00,60071.9,60167.3,59846.2,60033.4,3606.6,2026/6/27 8:59,59890.87,60258.02,61074.1,62095.02
2026/6/27 9:00,60033.4,60046.9,59904.8,59919.1,1013.63,2026/6/27 9:59,59893.56,60244.73,61051.23,62073.37
2026/6/27 10:00,59919,60349,59888.7,60256.6,4979.23,2026/6/27 10:59,59928.14,60245.2,61035.49,62055.29
2026/6/27 11:00,60256.6,60387.8,60134.5,60274.7,3264.05,2026/6/27 11:59,59961.14,60246.35,61020.43,62037.57
2026/6/27 12:00,60274.8,60472.2,60189.4,60215.9,3433.96,2026/6/27 12:59,59985.4,60245.16,61004.49,62019.45
2026/6/27 13:00,60215.9,60286,60101.9,60208.3,1945.53,2026/6/27 13:59,60006.63,60243.71,60988.73,62001.43
2026/6/27 14:00,60208.4,60492.2,60074.5,60345.3,4271.16,2026/6/27 14:59,60038.89,60247.7,60975.99,61984.95
2026/6/27 15:00,60345.2,60557.8,60266,60522.3,3356.55,2026/6/27 15:59,60084.93,60258.47,60967,61970.39
2026/6/27 16:00,60522.4,60522.5,60336.2,60425.1,2454.04,2026/6/27 16:59,60117.32,60265,60956.27,61955.02
2026/6/27 17:00,60425.2,60482.9,60261,60391.2,2310.77,2026/6/27 17:59,60143.41,60269.95,60945.08,61939.46
2026/6/27 18:00,60391.3,60466.5,60350,60390.3,1032.74,2026/6/27 18:59,60166.92,60274.67,60934.1,61924.04
2026/6/27 19:00,60390.3,60425.4,60162,60331.9,3122.38,2026/6/27 19:59,60182.63,60276.91,60922.17,61908.2
2026/6/27 20:00,60331.9,60407.1,60222.6,60394,1807.19,2026/6/27 20:59,60202.76,60281.51,60911.71,61893.13
2026/6/27 21:00,60394,60643.1,60356.1,60554.6,4154.88,2026/6/27 21:59,60236.27,60292.22,60904.64,61879.82
2026/6/27 22:00,60554.6,60697.6,60480,60588.9,3321.5,2026/6/27 22:59,60269.86,60303.85,60898.39,61866.97
2026/6/27 23:00,60589,60924.7,60541.1,60817.2,7814.95,2026/6/27 23:59,60321.98,60323.98,60896.78,61856.53
2026/6/28 0:00,60817.3,60850,60648.2,60785,2778.33,2026/6/28 0:59,60366.08,60342.06,60894.57,61845.86
2026/6/28 1:00,60784.9,60796.6,60383,60495.6,6435.89,2026/6/28 1:59,60378.42,60348.08,60886.67,61832.43
2026/6/28 2:00,60495.6,60547.3,60420.2,60537.8,1662.96,2026/6/28 2:59,60393.59,60355.52,60879.76,61819.55
2026/6/28 3:00,60537.9,60576.9,60050,60149.9,5900.77,2026/6/28 3:59,60370.39,60347.46,60865.31,61802.93
2026/6/28 4:00,60149.9,60283.4,60141.7,60272.8,1563.2,2026/6/28 4:59,60361.09,60344.53,60853.57,61787.71
2026/6/28 5:00,60272.8,60469.8,60108.9,60173.4,2727.9,2026/6/28 5:59,60343.22,60337.82,60840.11,61771.65
2026/6/28 6:00,60173.4,60230,59819.8,60204.3,4692.97,2026/6/28 6:59,60329.99,60332.58,60827.52,61756.05
2026/6/28 7:00,60204.3,60303.2,59913.9,60000.3,3651.42,2026/6/28 7:59,60298.59,60319.55,60811.13,61738.58
2026/6/28 8:00,60000.4,60168.7,59983.3,60125.1,1900.28,2026/6/28 8:59,60282.06,60311.93,60797.55,61722.52
2026/6/28 9:00,60125.1,60256.8,59950,60193,2439.44,2026/6/28 9:59,60273.58,60307.26,60785.58,61707.31
2026/6/28 10:00,60193.1,60314.3,60017.2,60121.2,2057.69,2026/6/28 10:59,60259.07,60299.97,60772.42,61691.52
2026/6/28 11:00,60121.2,60250.4,60121.2,60169.5,1454.94,2026/6/28 11:59,60250.54,60294.85,60760.48,61676.38
2026/6/28 12:00,60169.5,60205.4,60060,60108.1,1216.1,2026/6/28 12:59,60236.97,60287.53,60747.57,61660.77
2026/6/28 13:00,60108,60112.3,59714.8,59956.6,5438.2,2026/6/28 13:59,60210.27,60274.55,60731.9,61643.82
2026/6/28 14:00,59956.6,60020,59772.9,59970,2915.15,2026/6/28 14:59,60187.39,60262.61,60716.82,61627.16
2026/6/28 15:00,59970,60247.1,59965.8,60192.5,3433.22,2026/6/28 15:59,60187.88,60259.86,60706.43,61612.89
2026/6/28 16:00,60192.4,60543.3,60109.5,60340.1,4910.2,2026/6/28 16:59,60202.37,60263,60699.18,61600.22
2026/6/28 17:00,60340.1,60444,60223.1,60230,2760.37,2026/6/28 17:59,60205,60261.71,60689.89,61586.59
2026/6/28 18:00,60230,60271.8,60037,60138.5,2477.14,2026/6/28 18:59,60198.67,60256.88,60678.97,61572.18
2026/6/28 19:00,60138.4,60351.3,60091.4,60314.9,2495.8,2026/6/28 19:59,60209.74,60259.15,60671.76,61559.67
2026/6/28 20:00,60315,60435.8,60161.2,60270,2227.61,2026/6/28 20:59,60215.48,60259.58,60663.8,61546.84
2026/6/28 21:00,60269.9,60269.9,59934.3,60044.5,4290.32,2026/6/28 21:59,60199.2,60251.14,60651.54,61531.89
2026/6/28 22:00,60044.6,60228.5,59983,59995.3,2937.39,2026/6/28 22:59,60179.78,60241.11,60638.55,61516.6
2026/6/28 23:00,59995.3,60103.2,59781.8,59849.9,5771.03,2026/6/28 23:59,60148.36,60225.77,60622.93,61500.01
2026/6/29 0:00,59850,59915.7,59550,59655.9,7424.56,2026/6/29 0:59,60101.46,60203.42,60603.78,61481.67
2026/6/29 1:00,59655.9,59821.9,59366.6,59557.3,8401.92,2026/6/29 1:59,60049.63,60178.08,60583.06,61462.52
2026/6/29 2:00,59557.3,59678.8,59466.9,59580.7,3170.96,2026/6/29 2:59,60004.97,60154.66,60563.21,61443.79
2026/6/29 3:00,59580.7,59658.2,59224.6,59451.4,5640.91,2026/6/29 3:59,59952.25,60127.08,60541.19,61423.97
2026/6/29 4:00,59451.3,59747.7,59443.8,59634,4223.37,2026/6/29 4:59,59921.94,60107.74,60523.23,61406.16
2026/6/29 5:00,59634.1,59773.8,59300,59418.1,4650.66,2026/6/29 5:59,59873.96,60080.7,60501.35,61386.38
2026/6/29 6:00,59418.1,59883.2,58888,59040.1,13650.07,2026/6/29 6:59,59794.54,60039.89,60472.41,61363.03
2026/6/29 7:00,59040,59820.4,58975,59550.2,7711.36,2026/6/29 7:59,59771.27,60020.69,60454.15,61344.99
2026/6/29 8:00,59550.2,59678.1,58978.2,59637.3,9238.49,2026/6/29 8:59,59758.51,60005.65,60437.97,61328
2026/6/29 9:00,59637.3,59674.3,59170.5,59413,5035.29,2026/6/29 9:59,59725.61,59982.41,60417.68,61308.95
2026/6/29 10:00,59413,59788,58850,59731.7,13997.78,2026/6/29 10:59,59726.19,59972.58,60404.09,61293.25
2026/6/29 11:00,59731.8,60219.4,59731.8,60019.8,9982.3,2026/6/29 11:59,59754.15,59974.43,60396.48,61280.58
2026/6/29 12:00,60019.9,60031.5,59717,59806.2,2746.07,2026/6/29 12:59,59759.11,59967.83,60384.79,61265.91
2026/6/29 13:00,59806.2,60088,59360.3,60082.7,6969.25,2026/6/29 13:59,59789.93,59972.34,60378.81,61254.14
2026/6/29 14:00,60082.7,60325,60022.2,60051,7372,2026/6/29 14:59,59814.79,59975.42,60372.32,61242.16
2026/6/29 15:00,60051.1,60162.5,59900.7,59998.9,3635.78,2026/6/29 15:59,59832.32,59976.34,60364.93,61229.79
2026/6/29 16:00,59998.9,60070.1,59712.8,59806.9,4899.42,2026/6/29 16:59,59829.9,59969.7,60353.88,61215.64
2026/6/29 17:00,59806.9,60089.1,59750.1,60031.3,5094.51,2026/6/29 17:59,59849.08,59972.11,60347.49,61203.85
2026/6/29 18:00,60031.3,60287.1,60031.3,60062.4,5511.91,2026/6/29 18:59,59869.4,59975.65,60341.84,61192.49
2026/6/29 19:00,60062.3,60193.2,59770.4,59927.2,6062.81,2026/6/29 19:59,59874.9,59973.75,60333.63,61179.9
2026/6/29 20:00,59927.2,60758.3,59552.6,59923.5,34963.61,2026/6/29 20:59,59879.53,59971.78,60325.51,61167.4
2026/6/29 21:00,59923.5,60313,59302.8,59559.3,21676.38,2026/6/29 21:59,59849.03,59955.61,60310.34,61151.4
2026/6/29 22:00,59559.4,59689.6,58988,59444,22336.28,2026/6/29 22:59,59810.46,59935.54,60293.18,61134.41
2026/6/29 23:00,59444.1,59939.2,59067.6,59800.2,18439.21,2026/6/29 23:59,59809.48,59930.24,60283.42,61121.14
2026/6/30 0:00,59800.3,59999,59562.6,59870.9,6543.24,2026/6/30 0:59,59815.33,59927.91,60275.25,61108.7
2026/6/30 1:00,59870.9,60666.6,59870.9,60396,17431.19,2026/6/30 1:59,59870.63,59946.27,60277.64,61101.6
2026/6/30 2:00,60396,60500.1,60150.2,60275.4,6924.68,2026/6/30 2:59,59909.18,59959.17,60277.6,61093.38
2026/6/30 3:00,60275.4,60540,60127.4,60409.3,6026.14,2026/6/30 3:59,59956.81,59976.83,60280.21,61086.58
2026/6/30 4:00,60409.3,60535,60265.1,60271.2,4954.15,2026/6/30 4:59,59986.75,59988.37,60280.03,61078.46
2026/6/30 5:00,60271.2,60565.6,60232.1,60454.9,2822.03,2026/6/30 5:59,60031.34,60006.67,60283.49,61072.26
2026/6/30 6:00,60454.9,60493.2,60314,60326.5,2066.4,2026/6/30 6:59,60059.45,60019.21,60284.34,61064.84
2026/6/30 7:00,60326.4,60353.9,60134,60224.7,3047.36,2026/6/30 7:59,60075.19,60027.27,60283.16,61056.48
2026/6/30 8:00,60224.7,60250,59667.5,59806.1,9133.25,2026/6/30 8:59,60049.56,60018.59,60273.72,61044.04
2026/6/30 9:00,59806.1,60024.9,59740,59919.6,4682.31,2026/6/30 9:59,60037.18,60014.71,60266.7,61032.85
2026/6/30 10:00,59919.6,60021.4,59719.6,59920.4,3470.21,2026/6/30 10:59,60026.06,60011.01,60259.85,61021.78
2026/6/30 11:00,59920.4,60007.9,59570,59596.1,5570.5,2026/6/30 11:59,59985.11,59994.74,60246.7,61007.59
2026/6/30 12:00,59596.1,59672.1,59400,59458.3,8066.54,2026/6/30 12:59,59934.94,59973.7,60231.09,60992.18
2026/6/30 13:00,59458.3,59633.5,59329.2,59627.7,7258.54,2026/6/30 13:59,59905.68,59960.14,60219.14,60978.6
2026/6/30 14:00,59627.8,59698.9,59488.6,59571.7,3736.82,2026/6/30 14:59,59873.87,59944.9,60206.32,60964.6
2026/6/30 15:00,59571.6,59611.7,59423.3,59497.7,3824.5,2026/6/30 15:59,59838.05,59927.37,60192.29,60950.01
2026/6/30 16:00,59497.7,59532.7,59159,59285.8,8863.33,2026/6/30 16:59,59785.45,59902.21,60174.34,60933.45
2026/6/30 17:00,59285.8,59397,59225,59348.7,4167.96,2026/6/30 17:59,59743.86,59880.5,60157.99,60917.68
2026/6/30 18:00,59348.7,59403,59264.5,59303.6,2380.9,2026/6/30 18:59,59701.93,59857.88,60141.07,60901.62
2026/6/30 19:00,59303.7,59399.3,59100,59162.3,6214.32,2026/6/30 19:59,59650.53,59830.6,60121.69,60884.31
2026/6/30 20:00,59162.2,59162.3,58351,58374.8,25243.04,2026/6/30 20:59,59529.04,59773.51,60087.1,60859.34
2026/6/30 21:00,58374.8,58791.7,58200,58711.9,26034.56,2026/6/30 21:59,59451.21,59731.88,60059.87,60837.97
2026/6/30 22:00,58711.8,59264.4,58400.1,58458.6,23045.69,2026/6/30 22:59,59356.68,59681.94,60028.16,60814.3
2026/6/30 23:00,58458.7,58785.6,58160,58356.2,18133.22,2026/6/30 23:59,59261.39,59629.95,59995.05,60789.84
2026/7/1 0:00,58356.2,58617.4,58223.3,58479.3,7812.9,2026/7/1 0:59,59186.91,59584.83,59965.03,60766.85
2026/7/1 1:00,58479.2,58604.8,58290,58396.7,4252.19,2026/7/1 1:59,59111.65,59538.24,59933.98,60743.27
2026/7/1 2:00,58396.8,58675,58334,58659.8,4692.25,2026/7/1 2:59,59068.62,59503.79,59908.75,60722.53
2026/7/1 3:00,58659.9,58819.9,58560,58794.4,4770.76,2026/7/1 3:59,59042.5,59475.97,59886.68,60703.35
2026/7/1 4:00,58794,58850,58621.3,58708,3590.11,2026/7/1 4:59,59010.64,59445.85,59863.34,60683.49
2026/7/1 5:00,58708,58744.3,58472.3,58612.1,3145.53,2026/7/1 5:59,58972.69,59413.16,59838.56,60662.88
2026/7/1 6:00,58612.3,58780,58477.1,58575.8,2005.28,2026/7/1 6:59,58934.89,59380.32,59813.56,60642.12
2026/7/1 7:00,58575.7,58636.7,58518.8,58605.4,1551.59,2026/7/1 7:59,58903.51,59349.93,59789.63,60621.85
2026/7/1 8:00,58605.4,58720,58270,58548.7,5536.73,2026/7/1 8:59,58869.72,59318.51,59765.06,60601.22
2026/7/1 9:00,58548.7,58991.6,57758.6,58741.7,28902.83,2026/7/1 9:59,58857.53,59295.89,59744.8,60582.72
2026/7/1 10:00,58741.8,59152,58632.4,59063.3,12017.6,2026/7/1 10:59,58877.12,59286.77,59731.3,60567.6
2026/7/1 11:00,59063.3,59298.4,58823.9,59169.6,9833.13,2026/7/1 11:59,58904.98,59282.17,59720.18,60553.69
2026/7/1 12:00,59169.7,59444.5,59030.9,59311.2,5966.19,2026/7/1 12:59,58943.67,59283.31,59712.08,60541.33
2026/7/1 13:00,59311.1,59350,59085,59122.4,4463.09,2026/7/1 13:59,58960.69,59277,59700.4,60527.21
2026/7/1 14:00,59122.3,59130,58500.1,58726.8,13792.73,2026/7/1 14:59,58938.41,59255.43,59681.12,60509.29
2026/7/1 15:00,58726.7,58797.6,58567.2,58744.4,4204.79,2026/7/1 15:59,58919.94,59235.39,59662.58,60491.73
2026/7/1 16:00,58744.4,58965,58450.7,58950.8,6346.26,2026/7/1 16:59,58922.88,59224.22,59648.48,60476.4
2026/7/1 17:00,58950.8,59069.7,58792.8,58921.4,5253.47,2026/7/1 17:59,58922.73,59212.35,59634.08,60460.93
2026/7/1 18:00,58921.4,58923.3,58590.9,58631.6,3734.41,2026/7/1 18:59,58895.01,59189.57,59614.23,60442.73
2026/7/1 19:00,58631.6,58733.5,58524.2,58592.9,3608.45,2026/7/1 19:59,58866.24,59166.18,59594.01,60424.32
2026/7/1 20:00,58592.8,58655.6,58294.1,58495.6,8651.07,2026/7/1 20:59,58830.94,59139.88,59572.26,60405.13
2026/7/1 21:00,58495.6,59486.7,58495.5,59463.1,22483.03,2026/7/1 21:59,58891.14,59152.55,59570.1,60395.75
2026/7/1 22:00,59463,60067.9,59239.9,59523.8,29537.61,2026/7/1 22:59,58951.4,59167.11,59569.18,60387.08
2026/7/1 23:00,59523.7,60520,59496.9,60118.5,22422.37,2026/7/1 23:59,59062.55,59204.42,59580.06,60384.41
2026/7/2 0:00,60118.6,60244,59836.1,59902.8,7712.9,2026/7/2 0:59,59142.57,59231.81,59586.45,60379.61
2026/7/2 1:00,59902.9,60218.2,59762.6,60166.5,6967.93,2026/7/2 1:59,59240.09,59268.46,59597.93,60377.49
2026/7/2 2:00,60166.5,60278.9,59992.7,60141.5,4929.14,2026/7/2 2:59,59325.94,59302.7,59608.7,60375.15
2026/7/2 3:00,60141.5,60332.8,59952.3,60000,5201.06,2026/7/2 3:59,59390.13,59330.05,59616.45,60371.41
2026/7/2 4:00,60000,60170.3,59844.5,60100.3,4206.59,2026/7/2 4:59,59457.77,59360.25,59626.03,60368.72
2026/7/2 5:00,60100.3,60827.8,60092.7,60799.9,16099.76,2026/7/2 5:59,59585.59,59416.71,59649.27,60373.01
2026/7/2 6:00,60799.9,61322,60319.3,60446.3,23792.28,2026/7/2 6:59,59667.56,59457.08,59665.05,60373.73
2026/7/2 7:00,60446.3,60446.3,59949.2,59999.6,8275.08,2026/7/2 7:59,59699.19,59478.36,59671.68,60370.01
2026/7/2 8:00,59999.6,60005.7,59555,59719.7,11009.33,2026/7/2 8:59,59701.14,59487.82,59672.63,60363.54
2026/7/2 9:00,59719.7,60298,59688.9,60150,8878.65,2026/7/2 9:59,59743.89,59513.79,59682.08,60361.42
2026/7/2 10:00,60150,60467.2,59978.3,60392.5,5419.48,2026/7/2 10:59,59805.66,59548.25,59696.15,60361.73
2026/7/2 11:00,60392.4,61102.5,60259.1,61032.9,12526.35,2026/7/2 11:59,59922.54,59606.47,59722.62,60368.4
2026/7/2 12:00,61032.9,61033,60703.1,60757.7,7263.03,2026/7/2 12:59,60002.08,59651.62,59743.12,60372.28
2026/7/2 13:00,60757.7,60852.9,60450,60479.9,9042.36,2026/7/2 13:59,60047.59,59684.1,59757.71,60373.35
2026/7/2 14:00,60480,60623.5,60232.6,60247.6,8467.55,2026/7/2 14:59,60066.64,59706.2,59767.41,60372.1
2026/7/2 15:00,60247.6,60288,60080.9,60125.8,9344.84,2026/7/2 15:59,60072.27,59722.65,59774.51,60369.65
2026/7/2 16:00,60125.8,60542.2,60113.5,60486.8,6198.21,2026/7/2 16:59,60111.75,59752.62,59788.61,60370.81
2026/7/2 17:00,60486.7,61447,60342.5,61159.6,25607.04,2026/7/2 17:59,60211.54,59807.8,59815.76,60378.66
2026/7/2 18:00,61159.6,61330,61019.8,61238.5,9252.75,2026/7/2 18:59,60309.35,59863.9,59843.93,60387.22
2026/7/2 19:00,61238.4,61367.3,61100,61329.1,12681.09,2026/7/2 19:59,60406.47,59921.36,59873.34,60396.59
2026/7/2 20:00,61329.1,61591.1,61109.9,61507.4,18071.78,2026/7/2 20:59,60511.32,59983.56,59905.7,60407.64
2026/7/2 21:00,61507.3,62077.3,61472,61913.5,25674.18,2026/7/2 21:59,60644.86,60059.24,59945.46,60422.63
2026/7/2 22:00,61913.6,62180,61368.8,61669.8,18344.23,2026/7/2 22:59,60742.47,60122.4,59979.6,60435.03
2026/7/2 23:00,61669.7,61844.4,61400,61584,7696.83,2026/7/2 23:59,60822.62,60179.72,60011.37,60446.47
2026/7/3 0:00,61584,61754.9,61113.8,61646.8,13879.11,2026/7/3 0:59,60901.11,60237.25,60043.76,60458.41
2026/7/3 1:00,61646.8,61900,61592.8,61643,6139.15,2026/7/3 1:59,60971.77,60292.38,60075.43,60470.2
2026/7/3 2:00,61643,61847.2,61633.7,61733.5,3075.8,2026/7/3 2:59,61044.31,60348.89,60108.26,60482.77
2026/7/3 3:00,61733.5,61739.7,61388.1,61452.5,5108.61,2026/7/3 3:59,61083.19,60392.17,60134.88,60492.42
2026/7/3 4:00,61452.4,61576.8,61308.3,61555.4,4121.37,2026/7/3 4:59,61128.16,60437.79,60163.01,60502.99
2026/7/3 5:00,61555.3,61634.3,61500,61570.6,1957.08,2026/7/3 5:59,61170.3,60482.21,60190.88,60513.62
2026/7/3 6:00,61570.5,61570.6,61388,61445,3574.01,2026/7/3 6:59,61196.46,60519.97,60215.71,60522.88
2026/7/3 7:00,61444.9,61588.2,61333,61540.6,2617.25,2026/7/3 7:59,61229.24,60559.99,60241.95,60533.01
2026/7/3 8:00,61540.5,61558.8,61229,61283.9,3597.56,2026/7/3 8:59,61234.44,60588.38,60262.58,60540.48
2026/7/3 9:00,61283.9,61727.2,61261,61566.5,4451.24,2026/7/3 9:59,61266.07,60626.74,60288.4,60550.69
2026/7/3 10:00,61566.6,61647,61271,61411.8,3999.38,2026/7/3 10:59,61279.95,60657.53,60310.65,60559.26
2026/7/3 11:00,61411.9,61558,61300,61407.6,3005.74,2026/7/3 11:59,61292.1,60686.94,60332.37,60567.7
2026/7/3 12:00,61407.5,61504.6,61300.4,61420.5,2696.43,2026/7/3 12:59,61304.33,60715.71,60353.92,60576.19
2026/7/3 13:00,61420.5,61788,61403.1,61674.8,4765.66,2026/7/3 13:59,61339.61,60753.32,60380.07,60587.12
2026/7/3 14:00,61674.7,61825.1,61584,61680.5,3450.46,2026/7/3 14:59,61372.08,60789.68,60405.82,60598
2026/7/3 15:00,61680.6,61849.7,61634.1,61733.6,3348.27,2026/7/3 15:59,61406.51,60826.7,60432.12,60609.3
2026/7/3 16:00,61733.7,61875.3,61525.9,61553.5,4222.92,2026/7/3 16:59,61420.51,60855.2,60454.32,60618.69
2026/7/3 17:00,61553.6,61760.7,61480.7,61686.8,3311.92,2026/7/3 17:59,61445.87,60887.81,60478.73,60629.32
2026/7/3 18:00,61686.9,62017.7,61640.2,61886.6,5642.21,2026/7/3 18:59,61487.84,60926.98,60506.61,60641.83
2026/7/3 19:00,61886.5,62078.6,61808.1,61992.8,5889.01,2026/7/3 19:59,61535.94,60968.78,60536.04,60655.27
2026/7/3 20:00,61992.8,62149.3,61841,61952.5,8242.18,2026/7/3 20:59,61575.61,61007.35,60564.08,60668.18
2026/7/3 21:00,61952.6,62271.9,61910.5,62083.8,5936.24,2026/7/3 21:59,61624.01,61049.57,60594.18,60682.27
2026/7/3 22:00,62083.9,62257,61653,62142.9,8788.01,2026/7/3 22:59,61673.43,61092.44,60624.85,60696.8
2026/7/3 23:00,62142.9,62386.7,61778.1,61895.2,13581.62,2026/7/3 23:59,61694.55,61123.92,60650,60708.72
2026/7/4 0:00,61895.2,62103.5,61877.6,62081.9,4059.26,2026/7/4 0:59,61731.44,61161.49,60678.36,60722.39
2026/7/4 1:00,62081.9,62266.8,62036,62171.5,4094.59,2026/7/4 1:59,61773.35,61201.1,60707.92,60736.81
2026/7/4 2:00,62171.5,62223.7,62087.4,62180.2,2583.15,2026/7/4 2:59,61812.1,61239.49,60737.08,60751.17
2026/7/4 3:00,62180.3,62292.4,62120.1,62178.4,3755.88,2026/7/4 3:59,61846.98,61276.31,60765.62,60765.37
2026/7/4 4:00,62178.4,62898,62151.2,62759.3,21132.14,2026/7/4 4:59,61933.87,61334.47,60805.1,60785.21
2026/7/4 5:00,62759.3,62957.2,62488.8,62706.8,7035.75,2026/7/4 5:59,62007.48,61388.29,60842.75,60804.33
2026/7/4 6:00,62706.9,62726,62513,62549.3,2682.33,2026/7/4 6:59,62059.08,61433.82,60876.55,60821.69
2026/7/4 7:00,62549.3,62688,62507.1,62565.5,2226.56,2026/7/4 7:59,62107.31,61478.2,60909.99,60839.04
2026/7/4 8:00,62565.5,62925.7,62560.5,62735.1,5338.89,2026/7/4 8:59,62167.1,61527.49,60946.13,60857.91
2026/7/4 9:00,62735,62735.1,62381.6,62450,5177.73,2026/7/4 9:59,62194.05,61563.66,60975.91,60873.75
2026/7/4 10:00,62450,62556.5,62404,62514,1900.75,2026/7/4 10:59,62224.52,61600.93,61006.37,60890.07
2026/7/4 11:00,62514.1,62734.7,62460,62609.6,2757.48,2026/7/4 11:59,62261.19,61640.49,61038.12,60907.18
2026/7/4 12:00,62609.6,62735.2,62568.8,62661.5,1944.82,2026/7/4 12:59,62299.32,61680.53,61070.26,60924.64
2026/7/4 13:00,62661.6,62661.6,62395.7,62445.6,2620.86,2026/7/4 13:59,62313.25,61710.53,61097.5,60939.77
2026/7/4 14:00,62445.7,62538.6,62302.6,62473.2,2993.91,2026/7/4 14:59,62328.48,61740.44,61124.74,60955.03
2026/7/4 15:00,62473.1,62612.6,62441.8,62549,2131.44,2026/7/4 15:59,62349.48,61772.15,61152.94,60970.89
2026/7/4 16:00,62549.1,62654.1,62485.1,62528,2712.96,2026/7/4 16:59,62366.49,61801.79,61180.17,60986.39
2026/7/4 17:00,62527.9,62559.3,62386.1,62466,1929.56,2026/7/4 17:59,62375.96,61827.84,61205.63,61001.11
2026/7/4 18:00,62466,62518.8,62418.3,62483.9,1203.46,2026/7/4 18:59,62386.24,61853.56,61230.94,61015.86
2026/7/4 19:00,62483.8,62545.4,62430.1,62458.7,1559.2,2026/7/4 19:59,62393.14,61877.3,61255.26,61030.22
2026/7/4 20:00,62458.6,62671.5,62458.6,62634.1,1790.06,2026/7/4 20:59,62416.09,61906.97,61282.56,61046.18
2026/7/4 21:00,62634,62755.5,62509.4,62563,2399.92,2026/7/4 21:59,62430.08,61932.7,61307.92,61061.27
2026/7/4 22:00,62562.9,62719.3,62562.4,62671.9,1875,2026/7/4 22:59,62453.11,61961.69,61334.93,61077.3
2026/7/4 23:00,62671.8,63069.6,62666.7,62908.8,9460.18,2026/7/4 23:59,62496.51,61998.83,61366.09,61095.52
2026/7/5 0:00,62908.7,62943,62752.9,62895.2,2956.9,2026/7/5 0:59,62534.48,62033.98,61396.37,61113.43
2026/7/5 1:00,62895.2,63420,62769.8,63245.6,10022.12,2026/7/5 1:59,62602.21,62081.5,61432.99,61134.64
2026/7/5 2:00,63245.5,63324.8,63070,63137.5,3957.61,2026/7/5 2:59,62653.19,62122.91,61466.74,61154.57
2026/7/5 3:00,63137.5,63450,63090,63268.1,4202.38,2026/7/5 3:59,62711.75,62167.82,61502.41,61175.6
2026/7/5 4:00,63268,63367,63128.4,63208.9,2485.99,2026/7/5 4:59,62759.1,62208.64,61536.2,61195.83
2026/7/5 5:00,63208.8,63430,63172.8,63274.7,2460.99,2026/7/5 5:59,62808.2,62250.45,61570.63,61216.52
2026/7/5 6:00,63274.6,63286.4,63129.4,63167.7,1955.7,2026/7/5 6:59,62842.44,62286.42,61602.25,61235.93
2026/7/5 7:00,63167.7,63215.8,62902.7,63114.8,3811.61,2026/7/5 7:59,62868.38,62318.91,61632.21,61254.63
2026/7/5 8:00,63114.9,63114.9,62824.4,62962.5,3551.6,2026/7/5 8:59,62877.34,62344.15,61658.55,61271.62
2026/7/5 9:00,62962.6,63022.6,62762.3,62859.8,4010.6,2026/7/5 9:59,62875.67,62364.37,61682.34,61287.43
2026/7/5 10:00,62859.8,62902.6,62549.6,62673.8,4562.37,2026/7/5 10:59,62856.45,62376.5,61701.97,61301.22
2026/7/5 11:00,62673.7,62766,62626.5,62739.1,2361.78,2026/7/5 11:59,62845.27,62390.72,61722.51,61315.53
2026/7/5 12:00,62739.1,62928,62680,62787.3,2921,2026/7/5 12:59,62839.75,62406.27,61743.59,61330.17
2026/7/5 13:00,62787,62788.4,62628,62716.4,2140.34,2026/7/5 13:59,62828,62418.44,61762.85,61343.97
2026/7/5 14:00,62716.4,62800,62644.3,62749.9,1389.73,2026/7/5 14:59,62820.56,62431.43,61782.4,61357.95
2026/7/5 15:00,62749.8,63039.3,62690.5,62995.1,3714.2,2026/7/5 15:59,62837.19,62453.54,61806.41,61374.24
2026/7/5 16:00,62995.1,63084,62868,62893.3,2742.22,2026/7/5 16:59,62842.53,62470.78,61827.94,61389.36
2026/7/5 17:00,62893.4,62908.7,62410.1,62600.3,6542.35,2026/7/5 17:59,62819.46,62475.86,61843.23,61401.41
2026/7/5 18:00,62600.2,62737.9,62507.2,62737.6,2252.57,2026/7/5 18:59,62811.66,62486.13,61860.94,61414.7
2026/7/5 19:00,62737.6,62799.9,62582.3,62630,1774.56,2026/7/5 19:59,62794.36,62491.77,61876.17,61426.8
2026/7/5 20:00,62630,62752,62534.3,62718.2,2260.96,2026/7/5 20:59,62787.11,62500.65,61892.84,61439.65
2026/7/5 21:00,62718.3,62797.9,62617.5,62769.9,2043.7,2026/7/5 21:59,62785.47,62511.21,61910.21,61452.88
2026/7/5 22:00,62769.9,62793.6,62621.5,62785.3,1709.37,2026/7/5 22:59,62785.45,62521.96,61927.54,61466.14
2026/7/5 23:00,62785.2,62923.7,62646.9,62711.9,4065.91,2026/7/5 23:59,62778.45,62529.41,61943.07,61478.54
2026/7/6 0:00,62711.9,62745.6,62570,62612,3034.91,2026/7/6 0:59,62762.6,62532.64,61956.32,61489.81
2026/7/6 1:00,62612,62800,62564.4,62601.3,2087.57,2026/7/6 1:59,62747.24,62535.34,61969.09,61500.87
2026/7/6 2:00,62601.4,62865,62587.8,62787.6,1904.7,2026/7/6 2:59,62751.08,62545.23,61985.3,61513.68
2026/7/6 3:00,62787.6,62848.5,62691.2,62744,1276.56,2026/7/6 3:59,62750.41,62553.02,62000.32,61525.92
2026/7/6 4:00,62744.1,62815.1,62667.5,62704.7,862.24,2026/7/6 4:59,62746.05,62558.97,62014.27,61537.65
2026/7/6 5:00,62704.8,63224.7,62580,63070.4,6287.57,2026/7/6 5:59,62776.94,62579.03,62035.18,61552.9
2026/7/6 6:00,63070.4,63979.3,62976.3,63717.1,20592.41,2026/7/6 6:59,62866.48,62623.66,62068.49,61574.43
2026/7/6 7:00,63717.1,63990.7,63542.8,63617.1,8537.9,2026/7/6 7:59,62937.97,62662.62,62099.15,61594.76
2026/7/6 8:00,63617.2,63760,63308.3,63728.4,7726.29,2026/7/6 8:59,63013.25,62704.41,62131.42,61615.99
2026/7/6 9:00,63728.3,63900,63520,63544.2,4911.73,2026/7/6 9:59,63063.81,62737.35,62159.39,61635.18
2026/7/6 10:00,63544.1,63644.1,63340.4,63425.1,5031.49,2026/7/6 10:59,63098.22,62764.32,62184.46,61652.99
2026/7/6 11:00,63425.1,63478.4,63101.2,63273,6110.79,2026/7/6 11:59,63114.87,62784.26,62206.01,61669.11
2026/7/6 12:00,63272.9,63368.3,63154.6,63242.9,2765.98,2026/7/6 12:59,63127.06,62802.25,62226.54,61684.77
2026/7/6 13:00,63242.8,63242.8,62912.6,63086,6116.52,2026/7/6 13:59,63123.15,62813.38,62243.56,61698.71
2026/7/6 14:00,63086,63125.6,62940,62962.6,3366.1,2026/7/6 14:59,63107.86,62819.23,62257.8,61711.28
2026/7/6 15:00,62962.6,63102.7,62858.4,63064.5,4208.15,2026/7/6 15:59,63103.73,62828.85,62273.78,61724.75
2026/7/6 16:00,63064.5,63226.4,62807.1,62876.1,5227.93,2026/7/6 16:59,63082.05,62830.7,62285.7,61736.2
2026/7/6 17:00,62876,62893.9,62610,62646.6,5981.41,2026/7/6 17:59,63040.58,62823.48,62292.85,61745.26
2026/7/6 18:00,62646.5,63019.3,62641.5,62797.6,5488.25,2026/7/6 18:59,63017.44,62822.47,62302.84,61755.73
2026/7/6 19:00,62797.7,62979.4,62461.4,62461.4,10912.52,2026/7/6 19:59,62964.48,62808.31,62305.98,61762.76
2026/7/6 20:00,62461.2,62467.2,61652,61733.6,34860.28,2026/7/6 20:59,62847.26,62766.16,62294.65,61762.47
2026/7/6 21:00,61733.6,62023.8,61297,61751.7,25787.25,2026/7/6 21:59,62742.92,62726.38,62283.9,61762.36
2026/7/6 22:00,61751.7,62397.3,61679.4,62019.7,16281.51,2026/7/6 22:59,62674.04,62698.67,62278.67,61764.92
2026/7/6 23:00,62019.7,63531.1,62019.7,63523.1,28807.01,2026/7/6 23:59,62754.9,62731,62303.31,61782.41
2026/7/7 0:00,63523,63850,63356.8,63710.4,21207.18,2026/7/7 0:59,62845.9,62769.4,62331.17,61801.6
2026/7/7 1:00,63710.4,63977.9,63539.9,63565.2,11369.87,2026/7/7 1:59,62914.41,62800.61,62355.61,61819.15
2026/7/7 2:00,63565.2,63867.5,63532.8,63675.7,4653.01,2026/7/7 2:59,62986.91,62834.93,62381.75,61837.62
2026/7/7 3:00,63675.8,63874.4,63628,63709.8,3459.1,2026/7/7 3:59,63055.76,62869.24,62408.05,61856.25
2026/7/7 4:00,63709.9,63868,63560,63798,3993.39,2026/7/7 4:59,63126.45,62905.66,62435.57,61875.57
2026/7/7 5:00,63798.1,64691.9,63781.7,64475.9,17905.5,2026/7/7 5:59,63254.97,62967.24,62475.97,61901.44
2026/7/7 6:00,64475.9,64488.8,64129.4,64227.2,3777.61,2026/7/7 6:59,63347.56,63016.65,62510.65,61924.58
2026/7/7 7:00,64227.2,64330.5,64002,64023.6,2844.93,2026/7/7 7:59,63411.95,63056.14,62540.61,61945.47
2026/7/7 8:00,64023.5,64298.1,63981.6,64175.2,4516.09,2026/7/7 8:59,63484.64,63100.02,62572.98,61967.66
2026/7/7 9:00,64175.1,64175.2,63738.9,63815,6656.92,2026/7/7 9:59,63516.1,63128.06,62597.57,61986.04
2026/7/7 10:00,63815,63884.1,63257,63298.2,12011.75,2026/7/7 10:59,63495.35,63134.73,62611.45,61999.09
2026/7/7 11:00,63298.2,63412.8,63122,63165,6438.18,2026/7/7 11:59,63463.89,63135.92,62622.41,62010.7
2026/7/7 12:00,63164.9,63266.7,63030.7,63069,5517.36,2026/7/7 12:59,63426.28,63133.29,62631.25,62021.23
2026/7/7 13:00,63069,63232.7,62745.6,63092.5,10146.89,2026/7/7 13:59,63394.49,63131.69,62640.38,62031.89
2026/7/7 14:00,63092.4,63373.3,62954.4,63310,6420.15,2026/7/7 14:59,63386.44,63138.69,62653.64,62044.6
2026/7/7 15:00,63309.9,63424.2,63050,63062.6,5308.97,2026/7/7 15:59,63355.6,63135.7,62661.74,62054.73
2026/7/7 16:00,63062.7,63165.7,62958.4,63074,3246.14,2026/7/7 16:59,63328.78,63133.28,62669.91,62064.87
2026/7/7 17:00,63074,63317.4,63030,63226.9,3985,2026/7/7 17:59,63319.08,63136.96,62680.94,62076.44
2026/7/7 18:00,63227,63432.8,63185.4,63258.6,4429.35,2026/7/7 18:59,63313.32,63141.73,62692.37,62088.2
2026/7/7 19:00,63258.6,63427.8,63080,63377.7,4669.39,2026/7/7 19:59,63319.45,63150.98,62705.95,62101.03
2026/7/7 20:00,63377.8,63868,63365.7,63451.9,11307.97,2026/7/7 20:59,63332.06,63162.78,62720.72,62114.47
2026/7/7 21:00,63451.8,63455.4,62960.3,63033.2,13510.12,2026/7/7 21:59,63303.6,63157.7,62726.9,62123.61
2026/7/7 22:00,63033.3,63617.8,62638,63536.5,19586.85,2026/7/7 22:59,63325.78,63172.55,62742.94,62137.67
2026/7/7 23:00,63536.5,64096,63349.4,63910,15827.86,2026/7/7 23:59,63381.42,63201.47,62766.05,62155.31
2026/7/8 0:00,63910,64234.1,63780.3,63962.4,8485.48,2026/7/8 0:59,63436.75,63231.31,62789.74,62173.29
2026/7/8 1:00,63962.4,64211,63868.2,64164.7,4437.32,2026/7/8 1:59,63506.08,63267.92,62816.96,62193.1
2026/7/8 2:00,64164.6,64168.8,63646.5,63653.8,6767.56,2026/7/8 2:59,63520.15,63283.05,62833.53,62207.64
2026/7/8 3:00,63653.6,63873.2,63351.4,63794.9,8996.68,2026/7/8 3:59,63546.32,63303.12,62852.57,62223.43
2026/7/8 4:00,63794.9,63874.6,63588.5,63668.3,2860.89,2026/7/8 4:59,63557.93,63317.44,62868.72,62237.81
2026/7/8 5:00,63668.4,63839.9,63264,63399.5,5782.61,2026/7/8 5:59,63542.84,63320.66,62879.23,62249.37
2026/7/8 6:00,63399.5,63635.4,63177,63514.9,3966.56,2026/7/8 6:59,63540.18,63328.28,62891.82,62261.96
2026/7/8 7:00,63514.9,63679.5,63288,63335.4,2329.73,2026/7/8 7:59,63520.68,63328.56,62900.61,62272.64
2026/7/8 8:00,63335.4,63740.2,63274.1,63585.9,3564.6,2026/7/8 8:59,63526.89,63338.65,62914.18,62285.71
2026/7/8 9:00,63585.9,63624,62883.6,63003.7,8120.01,2026/7/8 9:59,63477.06,63325.51,62915.95,62292.85
2026/7/8 10:00,63003.7,63037.1,62466.9,62951.3,13015.01,2026/7/8 10:59,63426.99,63310.84,62916.65,62299.4
2026/7/8 11:00,62951.4,63067.9,62666,62741,4155.35,2026/7/8 11:59,63361.66,63288.49,62913.17,62303.8
2026/7/8 12:00,62741,62873.3,62643.6,62767.3,3191.1,2026/7/8 12:59,63305.05,63268.05,62910.28,62308.41
2026/7/8 13:00,62766.9,62851.2,62520.4,62613.8,4053.87,2026/7/8 13:59,63239.22,63242.4,62904.41,62311.45
2026/7/8 14:00,62613.8,62718.2,62434.9,62628.5,5098.06,2026/7/8 14:59,63181.06,63218.32,62898.95,62314.6
2026/7/8 15:00,62628.5,62867.7,62519.3,62854.1,5614.7,2026/7/8 15:59,63149.92,63204.04,62898.06,62319.97
2026/7/8 16:00,62854.1,62921.8,61821,61989.8,24133.06,2026/7/8 16:59,63039.43,63156.42,62880.07,62316.69
2026/7/8 17:00,61989.8,62142.9,61708.2,62031.7,11392.53,2026/7/8 17:59,62943.46,63112.31,62863.27,62313.85
2026/7/8 18:00,62031.8,62164.7,61876,62149.8,5056.48,2026/7/8 18:59,62867.87,63074.57,62849.15,62312.22
2026/7/8 19:00,62149.9,62366,62025.2,62270,5367.67,2026/7/8 19:59,62810.93,63043.02,62837.68,62311.8
2026/7/8 20:00,62270,62394.1,61933,61933.9,5991.21,2026/7/8 20:59,62727.4,62999.52,62819.78,62308.04
2026/7/8 21:00,61933.9,62073.6,61615,61923,12545.11,2026/7/8 21:59,62650.79,62957.31,62802.02,62304.21
2026/7/8 22:00,61922.9,62151.9,61686.7,61865.5,10860.11,2026/7/8 22:59,62576,62914.49,62783.48,62299.84
2026/7/8 23:00,61865.6,61900.5,61520,61674.5,9713.1,2026/7/8 23:59,62490.15,62865.86,62761.52,62293.62
2026/7/9 0:00,61674.6,62129.8,61666,62086.4,7113.85,2026/7/9 0:59,62451.69,62835.3,62748.15,62291.56
2026/7/9 1:00,62086.3,62372.7,62005.2,62086.5,6899.96,2026/7/9 1:59,62416.91,62805.93,62735.05,62289.52
2026/7/9 2:00,62086.4,62331,62014.1,62158.8,3724.73,2026/7/9 2:59,62392.33,62780.55,62723.64,62288.22
2026/7/9 3:00,62158.9,62270.4,62043,62251.9,2519.07,2026/7/9 3:59,62378.96,62759.82,62714.3,62287.85
2026/7/9 4:00,62251.9,62287.1,62051.2,62076.2,2354.88,2026/7/9 4:59,62350.12,62733.01,62701.66,62285.75
2026/7/9 5:00,62076.2,62226.4,61926.9,62162.4,4462.19,2026/7/9 5:59,62332.24,62710.64,62690.98,62284.52
2026/7/9 6:00,62162.4,62331.8,62144.4,62303.5,2226.25,2026/7/9 6:59,62329.51,62694.67,62683.31,62284.71
2026/7/9 7:00,62303.5,62320.6,62139.3,62255.3,1922.82,2026/7/9 7:59,62322.44,62677.44,62674.83,62284.42
2026/7/9 8:00,62255.1,62284.4,62025.4,62101.8,3023.8,2026/7/9 8:59,62301.43,62654.87,62663.49,62282.6
2026/7/9 9:00,62101.8,62620.2,61796.1,61882.2,10363.95,2026/7/9 9:59,62261.5,62624.57,62648.02,62278.62
2026/7/9 10:00,61882.2,62098,61666,61753.7,4989.88,2026/7/9 10:59,62213.14,62590.41,62630.31,62273.39
2026/7/9 11:00,61753.8,62042.7,61693.1,61943.1,3408.73,2026/7/9 11:59,62187.42,62565.03,62616.7,62270.11
2026/7/9 12:00,61943.2,62427.7,61929,62420.4,5177.52,2026/7/9 12:59,62209.61,62559.36,62612.81,62271.6
2026/7/9 13:00,62420.3,62599.6,62204.9,62565.8,7762.96,2026/7/9 13:59,62243.53,62559.61,62611.88,62274.53
2026/7/9 14:00,62565.8,62958,62452.1,62934,10744.76,2026/7/9 14:59,62309.29,62574.29,62618.26,62281.09
2026/7/9 15:00,62933.9,63286.5,62774.5,62973.7,11947.23,2026/7/9 15:59,62372.57,62589.95,62625.3,62287.98
2026/7/9 16:00,62973.6,63083.9,62822.8,62872.6,4400.09,2026/7/9 16:59,62420.19,62601.04,62630.19,62293.8
2026/7/9 17:00,62872.6,62980.4,62753.1,62925,3618.01,2026/7/9 17:59,62468.27,62613.74,62636.03,62300.08
2026/7/9 18:00,62925,63030.5,62653.8,62757.2,3716.85,2026/7/9 18:59,62495.78,62619.37,62638.43,62304.63
2026/7/9 19:00,62757.2,62804.8,62583.4,62756,5140.32,2026/7/9 19:59,62520.57,62624.73,62640.76,62309.12
2026/7/9 20:00,62755.9,62934.3,62428.5,62583.3,19486.3,2026/7/9 20:59,62526.54,62623.1,62639.62,62311.85
2026/7/9 21:00,62583.3,63215,62490.2,62999.9,9489.2,2026/7/9 21:59,62571.62,62637.88,62646.76,62318.69
2026/7/9 22:00,63000,63117.9,62620.1,62982.5,7113.79,2026/7/9 22:59,62610.75,62651.39,62653.4,62325.3
2026/7/9 23:00,62982.4,63233,62782.5,62835.4,6941.24,2026/7/9 23:59,62632.15,62658.61,62657.01,62330.38
2026/7/10 0:00,62835.4,62969.3,62525.2,62670.7,5324.18,2026/7/10 0:59,62635.82,62659.08,62657.28,62333.76
2026/7/10 1:00,62670.7,63146,62640.2,63114.7,5492.87,2026/7/10 1:59,62681.43,62676.95,62666.34,62341.53
2026/7/10 2:00,63114.8,63484.9,63041.9,63199.8,10034.92,2026/7/10 2:59,62730.8,62697.45,62676.9,62350.07
2026/7/10 3:00,63199.9,63365,63130,63222.9,2981.37,2026/7/10 3:59,62777.66,62718.06,62687.71,62358.76
2026/7/10 4:00,63222.9,63300,63148.1,63288.7,1854.48,2026/7/10 4:59,62826.33,62740.44,62699.61,62368.01
2026/7/10 5:00,63288.8,63371.7,63162.7,63248.9,1886.99,2026/7/10 5:59,62866.58,62760.38,62710.49,62376.78
2026/7/10 6:00,63249,63395.9,63180.9,63186.1,2732.06,2026/7/10 6:59,62897.01,62777.07,62719.91,62384.83
2026/7/10 7:00,63186.2,63299.9,63032.2,63197,3222.8,2026/7/10 7:59,62925.58,62793.54,62729.36,62392.91
2026/7/10 8:00,63197.1,63239.2,62897,63085.3,4961.38,2026/7/10 8:59,62940.79,62804.98,62736.4,62399.8
2026/7/10 9:00,63085.3,63938.8,62931.7,63726.6,11961.05,2026/7/10 9:59,63015.63,62841.12,62756.01,62413
2026/7/10 10:00,63726.7,64022,63662.6,63935,7618.36,2026/7/10 10:59,63103.19,62884.02,62779.36,62428.15
2026/7/10 11:00,63935,64019.7,63789,63917.2,4041.92,2026/7/10 11:59,63180.71,62924.54,62801.89,62442.96
2026/7/10 12:00,63917.3,64168,63826.4,64019.3,6097.26,2026/7/10 12:59,63260.58,62967.47,62826,62458.65
2026/7/10 13:00,64019.2,64185,63915,64090,4203.9,2026/7/10 13:59,63339.57,63011.49,62851.03,62474.88
2026/7/10 14:00,64089.9,64138.7,63804.4,63832.8,4672.33,2026/7/10 14:59,63386.55,63043.7,62870.47,62488.39
2026/7/10 15:00,63832.8,63980,63765.5,63956.1,4743.28,2026/7/10 15:59,63440.79,63079.48,62891.97,62502.99
2026/7/10 16:00,63956.1,64387.9,63949.1,64211.4,12036.6,2026/7/10 16:59,63514.18,63123.87,62918.09,62519.99
2026/7/10 17:00,64211.5,64459.9,64065.7,64360.4,8387.95,2026/7/10 17:59,63594.77,63172.36,62946.65,62538.31
2026/7/10 18:00,64360.4,64478.3,64244.6,64374,4417.96,2026/7/10 18:59,63668.99,63219.48,62974.92,62556.57
2026/7/10 19:00,64374,64450.3,64309,64394.2,2719.43,2026/7/10 19:59,63738.05,63265.55,63003.02,62574.86
2026/7/10 20:00,64394.2,64587.9,64236.3,64258.9,6480.49,2026/7/10 20:59,63787.66,63304.51,63027.89,62591.61
2026/7/10 21:00,64258.9,64680,64127,64453.7,9691.78,2026/7/10 21:59,63851.09,63349.57,63056.12,62610.14
2026/7/10 22:00,64453.6,64491.8,63768,63897.9,13660.45,2026/7/10 22:59,63855.55,63371.07,63072.79,62622.96
2026/7/10 23:00,63897.9,64196.1,63875.5,64018.7,5262.22,2026/7/10 23:59,63871.09,63396.47,63091.52,62636.84
2026/7/11 0:00,64018.7,64208.1,63802.4,64118.9,4431.08,2026/7/11 0:59,63894.69,63424.8,63111.87,62651.59
2026/7/11 1:00,64118.9,64139.6,63803.6,63804,2988.9,2026/7/11 1:59,63886.05,63439.67,63125.57,62663.06
2026/7/11 2:00,63804.1,63990,63718.1,63792,2758.66,2026/7/11 2:59,63877.09,63453.49,63138.77,62674.29
2026/7/11 3:00,63792,64029.9,63755.8,63900.4,3498.34,2026/7/11 3:59,63879.31,63471.02,63153.85,62686.49
2026/7/11 4:00,63900.4,63909.2,63619.9,63820,6698.94,2026/7/11 4:59,63873.66,63484.7,63167.04,62697.77
2026/7/11 5:00,63820.1,64086.4,63813.6,63987.6,2417.89,2026/7/11 5:59,63884.52,63504.42,63183.29,62710.6
2026/7/11 6:00,63987.7,64142.7,63953.9,64089.9,2814.8,2026/7/11 6:59,63904.08,63527.38,63201.24,62724.33
2026/7/11 7:00,64089.8,64176.9,63989.2,64129.5,2223.08,2026/7/11 7:59,63925.54,63551,63219.63,62738.31
2026/7/11 8:00,64129.5,64137.1,64000,64090.1,1731.88,2026/7/11 8:59,63941.22,63572.14,63236.86,62751.76
2026/7/11 9:00,64090.1,64288.7,63969.9,63979.2,2766.13,2026/7/11 9:59,63944.83,63588.1,63251.56,62763.97
2026/7/11 10:00,63979.1,64137.8,63950.1,64130.5,1433.01,2026/7/11 10:59,63962.52,63609.37,63268.97,62777.57
2026/7/11 11:00,64130.5,64169.1,64037.4,64117.2,1351.12,2026/7/11 11:59,63977.25,63629.29,63285.76,62790.9
2026/7/11 12:00,64117.2,64182,64047.2,64123.4,1026.86,2026/7/11 12:59,63991.17,63648.66,63302.35,62804.16
2026/7/11 13:00,64123.4,64198.8,64085.2,64141.6,1652.04,2026/7/11 13:59,64005.49,63667.99,63318.97,62817.47
2026/7/11 14:00,64141.6,64250,64091.6,64186.7,1422.94,2026/7/11 14:59,64022.75,63688.33,63336.15,62831.09
2026/7/11 15:00,64186.7,64224,64120.6,64132.6,1227.27,2026/7/11 15:59,64033.21,63705.76,63351.92,62844.04
2026/7/11 16:00,64132.6,64280,64123,64239.6,1627.26,2026/7/11 16:59,64052.87,63726.69,63369.5,62857.93
2026/7/11 17:00,64239.6,64272.7,64129,64143,1347.45,2026/7/11 17:59,64061.45,63743.02,63384.82,62870.71
2026/7/11 18:00,64143.1,64185,64110.2,64163.9,1266.22,2026/7/11 18:59,64071.21,63759.52,63400.25,62883.58
2026/7/11 19:00,64163.9,64192.8,64146.3,64176,761.8,2026/7/11 19:59,64081.19,63775.86,63415.61,62896.44
2026/7/11 20:00,64176.1,64207,64112,64168.4,1196.29,2026/7/11 20:59,64089.5,63791.25,63430.51,62909.1
2026/7/11 21:00,64168.5,64245.4,64144.4,64213.9,1495.5,2026/7/11 21:59,64101.34,63807.82,63446.03,62922.08
2026/7/11 22:00,64213.9,64497.4,64213.9,64321,4280.17,2026/7/11 22:59,64122.26,63827.95,63463.35,62936
2026/7/11 23:00,64321,64461.4,63668.8,64139,11703.97,2026/7/11 23:59,64123.86,63840.15,63476.73,62947.97
2026/7/12 0:00,64139.1,64245.3,64050.4,64148.2,2521.74,2026/7/12 0:59,64126.18,63852.23,63490.03,62959.91
2026/7/12 1:00,64148.1,64375.8,64133.4,64289.8,2299.59,2026/7/12 1:59,64141.76,63869.39,63505.87,62973.15
2026/7/12 2:00,64289.8,64368.6,64258.1,64299.7,1059.23,2026/7/12 2:59,64156.8,63886.26,63521.59,62986.35
2026/7/12 3:00,64299.7,64313.1,64205.7,64262,899.66,2026/7/12 3:59,64166.82,63901,63536.25,62999.04
2026/7/12 4:00,64261.9,64438.9,64261.9,64353.2,1218.35,2026/7/12 4:59,64184.57,63918.73,63552.42,63012.51
2026/7/12 5:00,64353.3,64404.7,64310,64325.5,906.26,2026/7/12 5:59,64197.99,63934.68,63567.73,63025.58
2026/7/12 6:00,64325.5,64405.2,64110.5,64169.1,2214.27,2026/7/12 6:59,64195.24,63943.87,63579.64,63036.96
2026/7/12 7:00,64169.1,64223.2,63776,63783,6265.89,2026/7/12 7:59,64155.98,63937.57,63583.67,63044.38
2026/7/12 8:00,63783.1,63884.9,63657.4,63802.9,4816.99,2026/7/12 8:59,64122.35,63932.28,63588.01,63051.93
2026/7/12 9:00,63802.9,64146.2,63783,64106,3478.1,2026/7/12 9:59,64120.8,63939.1,63598.27,63062.41
2026/7/12 10:00,64106,64112.7,64002,64049.2,1748.45,2026/7/12 10:59,64113.98,63943.41,63607.2,63072.23
2026/7/12 11:00,64049.2,64217.8,64002.9,64201.8,2142.99,2026/7/12 11:59,64122.34,63953.55,63618.97,63083.47
2026/7/12 12:00,64201.9,64238,63912.5,63974.3,2506.07,2026/7/12 12:59,64108.24,63954.36,63626.01,63092.34
2026/7/12 13:00,63974.2,63998.6,63867,63938,1922.29,2026/7/12 13:59,64092.03,63953.72,63632.18,63100.75
2026/7/12 14:00,63938,63938,63602.8,63728.7,5247.13,2026/7/12 14:59,64057.43,63944.9,63634.1,63107
2026/7/12 15:00,63728.6,63879,63708.2,63856.4,1638.41,2026/7/12 15:59,64038.28,63941.43,63638.5,63114.46
2026/7/12 16:00,63856.4,64083.7,63854.1,63951.6,2612.7,2026/7/12 16:59,64030.03,63941.82,63644.7,63122.79
2026/7/12 17:00,63951.6,64024.4,63730.7,63930,3030.6,2026/7/12 17:59,64020.5,63941.36,63650.35,63130.82
2026/7/12 18:00,63930.1,63930.1,63807.3,63838.9,1174,2026/7/12 18:59,64003.2,63937.34,63654.08,63137.86
2026/7/12 19:00,63838.9,64012.8,63796.3,63993.8,1872.65,2026/7/12 19:59,64002.31,63939.56,63660.81,63146.38
2026/7/12 20:00,63993.8,64118.5,63946,63998.4,2403.08,2026/7/12 20:59,64001.94,63941.86,63667.49,63154.86
2026/7/12 21:00,63998.5,64073.4,63959.3,63997.3,1262.06,2026/7/12 21:59,64001.49,63944.04,63674.02,63163.24
2026/7/12 22:00,63997.3,64271.9,63928,64175,2804.57,2026/7/12 22:59,64018.02,63953.1,63683.94,63173.31
2026/7/12 23:00,64175,64238.9,64091.5,64149.9,2903.19,2026/7/12 23:59,64030.58,63960.81,63693.17,63183.03
2026/7/13 0:00,64150,64184.8,64013,64146.8,2987.46,2026/7/13 0:59,64041.65,63968.11,63702.15,63192.62
2026/7/13 1:00,64146.7,64146.8,63983.1,64050.3,1096.97,2026/7/13 1:59,64042.47,63971.33,63709.05,63201.15
2026/7/13 2:00,64050.2,64126.6,63985.1,64124.6,1249.78,2026/7/13 2:59,64050.29,63977.34,63717.28,63210.34
2026/7/13 3:00,64124.7,64248,64114.9,64201.9,1298.91,2026/7/13 3:59,64064.73,63986.15,63726.87,63220.2
2026/7/13 4:00,64202,64227.4,64141.6,64168.5,878.79,2026/7/13 4:59,64074.61,63993.3,63735.62,63229.64
2026/7/13 5:00,64168.5,64207.4,63856.3,63889.6,2630.66,2026/7/13 5:59,64056.99,63989.23,63738.67,63236.21
2026/7/13 6:00,63889.5,63895.8,63634.1,63855,6060.14,2026/7/13 6:59,64037.76,63983.97,63740.97,63242.36
2026/7/13 7:00,63855,63883.6,63693,63750,2325.94,2026/7/13 7:59,64010.35,63974.79,63741.15,63247.42
2026/7/13 8:00,63749.9,64411.8,63538,64041.8,16536.41,2026/7/13 8:59,64013.35,63977.42,63747.1,63255.32
2026/7/13 9:00,64041.8,64044,63366,63382.1,12315.44,2026/7/13 9:59,63953.23,63954.07,63739.88,63256.58
2026/7/13 10:00,63382.1,63527.6,63204,63344.8,7882.24,2026/7/13 10:59,63895.28,63930.18,63732.05,63257.46
2026/7/13 11:00,63344.9,63362.4,62705,62780.2,15709.53,2026/7/13 11:59,63789.08,63885.08,63713.2,63252.71
2026/7/13 12:00,62780.1,62884.8,62592.1,62649.8,6758.17,2026/7/13 12:59,63680.58,63836.64,63692.15,63246.71
2026/7/13 13:00,62649.7,62880,62434.9,62764.1,8371.05,2026/7/13 13:59,63593.3,63794.58,63673.77,63241.91
2026/7/13 14:00,62764.1,62848.2,62675,62766.6,2684.94,2026/7/13 14:59,63514.56,63754.27,63655.81,63237.18
2026/7/13 15:00,62766.6,63030,62719.4,62952.7,6413.17,2026/7/13 15:59,63461.05,63722.83,63641.88,63234.35
2026/7/13 16:00,62952.8,63260,62902.5,63174.9,5653.09,2026/7/13 16:59,63433.8,63701.35,63632.63,63233.76
2026/7/13 17:00,63174.9,63179.3,63064.4,63074,3292.54,2026/7/13 17:59,63399.53,63676.74,63621.57,63232.17
2026/7/13 18:00,63074,63130.9,62834.4,62844.6,9350.11,2026/7/13 18:59,63346.68,63644.11,63606.19,63228.31
2026/7/13 19:00,62844.7,63116.1,62844.7,62881.3,4701.73,2026/7/13 19:59,63302.36,63614.2,63591.83,63224.86
2026/7/13 20:00,62881.4,62970.7,62531,62597.9,8803.46,2026/7/13 20:59,63235.27,63574.34,63572.15,63218.62
2026/7/13 21:00,62597.9,62752.4,62141.2,62300.1,18486.59,2026/7/13 21:59,63146.21,63524.37,63546.96,63209.48
2026/7/13 22:00,62300.1,62777,62061.3,62770.3,15429.64,2026/7/13 22:59,63110.4,63494.8,63531.58,63205.11
